gbif,tank,genus_jw,se_jw,gswitch,bothtpl,suspect,remove,manual.remove
Nestronia umbellata,Nestronia umbellula,1,0.9407407407,False,FALSE,TRUE,FALSE,TRUE
Luzuriaga laxifolia,Luzuriaga laxiflora,1,0.9421296296,False,FALSE,TRUE,FALSE,TRUE
Athyrium serrulatum,Athyrium biserrulatum,1,0.9444444444,False,FALSE,TRUE,FALSE,TRUE
Bowdichia guyanensis,Bowdichia guianensis,1,0.9466666667,False,FALSE,TRUE,FALSE,
Carapa guyanensis,Carapa guianensis,1,0.9466666667,False,FALSE,TRUE,FALSE,
Chionanthus terniflora,Chionanthus tenuiflora,1,0.9466666667,False,FALSE,TRUE,FALSE,TRUE
Cissus modestus,Cissus modesta,1,0.9476190476,True,FALSE,TRUE,FALSE,
Cudrania spinosa,Cudrania spinosus,1,0.9476190476,True,FALSE,TRUE,FALSE,
Helleborus foetida,Helleborus foetidus,1,0.9476190476,True,FALSE,TRUE,FALSE,
Leontodon vulgaris,Leontodon vulgare,1,0.9476190476,True,FALSE,TRUE,FALSE,
Prunus amygdalina,Prunus amygdalus,1,0.9477777778,False,FALSE,TRUE,FALSE,
Artemisia dranunculoides,Artemisia dracunculoides,1,0.9487179487,False,FALSE,TRUE,FALSE,
Lepidium eremaeum,Lepidium eraemeum,1,0.95,False,FALSE,TRUE,FALSE,
Leea nova-guineensis,Leea novoguineensis,1,0.9522222222,False,FALSE,TRUE,FALSE,
Nelumbium rheedei,Nelumbium rheedii,1,0.9523809524,False,FALSE,TRUE,FALSE,
Osmunda spicata,Osmunda spicant,1,0.9523809524,False,FALSE,TRUE,FALSE,TRUE
Cyperus prostratus,Cyperus protractus,1,0.9533333333,False,FALSE,TRUE,FALSE,TRUE
Acacia insularis,Acacia insularum,1,0.9555555556,False,FALSE,TRUE,FALSE,
Cornus quinquenervis,Cornus quinquinervis,1,0.9572649573,False,FALSE,TRUE,FALSE,
Celastrus albatus,Celastrus alatus,1,0.9619047619,False,FALSE,FALSE,FALSE,TRUE
Juncus loureiranus,Juncus loureiroana,1,0.9636363636,False,FALSE,FALSE,FALSE,
Aegialinites annulata,Aegialinites annulatus,1,0.9652777778,True,FALSE,FALSE,FALSE,
Chrysothamnus nauseosa,Chrysothamnus nauseosus,1,0.9652777778,True,FALSE,FALSE,FALSE,
Spirostachys africanus,Spirostachys africana,1,0.9652777778,True,FALSE,FALSE,FALSE,
Dieffenbachia jenmanni,Dieffenbachia jenmanii,1,0.9666666667,False,FALSE,FALSE,FALSE,
Helleborus latifolius,Helleborus altifolius,1,0.9666666667,False,FALSE,FALSE,FALSE,TRUE
Populus woobstii,Populus wobstii,1,0.9666666667,False,FALSE,FALSE,FALSE,
Flindersia ifflaina,Flindersia ifflaiana,1,0.9685185185,False,FALSE,FALSE,FALSE,
Acacia trinervia,Acacia trinervata,1,0.9688888889,False,TRUE,FALSE,FALSE,
Cerasus virginiana,Cerasus virginica,1,0.9688888889,False,FALSE,FALSE,FALSE,
Geranium emarginatum,Geranium marginatum,1,0.9696969697,False,FALSE,FALSE,FALSE,
Betula ethnensis,Betula etnensis,1,0.9703703704,False,FALSE,FALSE,FALSE,
Lupinus lucidus,Lupinus lucidulus,1,0.9703703704,False,FALSE,FALSE,FALSE,
Nabalus bootii,Nabalus boottii,1,0.9714285714,False,FALSE,FALSE,FALSE,
Hieracium atramentosum,Hieracium atramentarium,1,0.9735042735,False,FALSE,FALSE,FALSE,
Eucalyptus australis,Eucalyptus australiana,1,0.9744107744,False,TRUE,FALSE,FALSE,
Acacia douglasica,Acacia douglasii,1,0.9792592593,False,TRUE,FALSE,FALSE,
Chionanthus latifolia,Chionanthus latifolius,1,0.9792592593,True,FALSE,FALSE,FALSE,
Festuca distachyos,Festuca distachya,1,0.9792592593,False,FALSE,FALSE,FALSE,
Juncus campestre,Juncus campestris,1,0.9792592593,True,FALSE,FALSE,FALSE,
Gifola spatulata,Gifola spathulata,1,0.98,False,FALSE,FALSE,FALSE,
Coreopsis cardaminifolia,Coreopsis cardaminefolia,1,0.9802197802,False,FALSE,FALSE,FALSE,
Allium pugeti,Allium pugetii,1,0.980952381,True,FALSE,FALSE,FALSE,
Ornithogalum aserni,Ornithogalum asernii,1,0.980952381,True,FALSE,FALSE,FALSE,
Quercus dugesi,Quercus dugesii,1,0.980952381,True,FALSE,FALSE,FALSE,
Brunia albifora,Brunia albiflora,1,0.9814814815,False,FALSE,FALSE,FALSE,
Croton kaieturi,Croton kaieteuri,1,0.9814814815,False,FALSE,FALSE,FALSE,
Ceriops candolliana,Ceriops candolleana,1,0.9818181818,False,FALSE,FALSE,FALSE,
Cinnamomum camphoratum,Cinnamomum camphora,1,0.9818181818,False,TRUE,FALSE,FALSE,
Ceanothus prostatus,Ceanothus prostratus,1,0.9833333333,False,FALSE,FALSE,FALSE,
Trema guinensis,Trema guineensis,1,0.9833333333,False,FALSE,FALSE,FALSE,
Calpurnia lasiogyna,Calpurnia lasiogyne,1,0.9851851852,False,FALSE,FALSE,FALSE,
Krameria cistoides,Krameria cistoidea,1,0.9851851852,False,FALSE,FALSE,FALSE,
Olea thozetii,Olea thozettii,1,0.9851851852,False,FALSE,FALSE,FALSE,
Ficus backhousii,Ficus backhousei,1,0.9866666667,False,FALSE,FALSE,FALSE,
Lilium rhodopeum,Lilium rhodopaeum,1,0.9866666667,False,FALSE,FALSE,FALSE,
Pichonia novo-caledonica,Pichonia novocaledonica,1,0.9866666667,False,FALSE,FALSE,FALSE,
Atriplex bocconi,Atriplex bocconii,1,0.9875,True,FALSE,FALSE,FALSE,
Diospyros enderti,Diospyros endertii,1,0.9875,True,FALSE,FALSE,FALSE,
Dizygotheca lecardi,Dizygotheca lecardii,1,0.9875,True,FALSE,FALSE,FALSE,
Eucalyptus kitsoni,Eucalyptus kitsonii,1,0.9875,True,FALSE,FALSE,FALSE,
Menziesia daboeci,Menziesia daboecia,1,0.9875,False,FALSE,FALSE,FALSE,
Pitcairnia lindeni,Pitcairnia lindenii,1,0.9875,True,FALSE,FALSE,FALSE,
Eurybiopsis macrorrhiza,Eurybiopsis macrorhiza,1,0.9878787879,False,FALSE,FALSE,FALSE,
Scabiosa leucanthema,Scabiosa leucantha,1,0.9878787879,False,TRUE,FALSE,FALSE,
Floscopa paniculatus,Floscopa paniculata,1,0.9906060606,True,FALSE,FALSE,FALSE,
Mischophloeus paniculata,Mischophloeus paniculatus,1,0.9906060606,True,FALSE,FALSE,FALSE,
Podocarpus acutifolia,Podocarpus acutifolius,1,0.9906060606,True,FALSE,FALSE,FALSE,
Fagara magalismontana,Fagara magaliesmontana,1,0.9911111111,False,FALSE,FALSE,FALSE,
Deschampsia chapmani,Deschampsia chapmanii,1,0.9925925926,True,FALSE,FALSE,FALSE,
Ficus sieboldi,Ficus sieboldii,1,0.9925925926,True,FALSE,FALSE,FALSE,
Grias fendlerii,Grias fendleri,1,0.9925925926,True,FALSE,FALSE,FALSE,
Oreocallis wickhami,Oreocallis wickhamii,1,0.9925925926,True,FALSE,FALSE,FALSE,
Quercus buergerii,Quercus buergeri,1,0.9925925926,True,FALSE,FALSE,FALSE,
Salix normanni,Salix normannii,1,0.9925925926,True,FALSE,FALSE,FALSE,
Elaeodendron confertifolium,Elaeodendron confertiflorum,1,0.9926739927,False,FALSE,FALSE,FALSE,
Carmichaelia williamsi,Carmichaelia williamsii,1,0.9966666667,True,FALSE,FALSE,FALSE,
Eugenia luehmanni,Eugenia luehmannii,1,0.9966666667,True,FALSE,FALSE,FALSE,
Sarcochilus hartmanni,Sarcochilus hartmannii,1,0.9966666667,True,FALSE,FALSE,FALSE,
Polypodium lycopodiodes,Polypodium lycopodioides,1,0.9974358974,False,FALSE,FALSE,FALSE,
Abies smithiana,Abies smithiana,1,1,False,FALSE,FALSE,FALSE,
Abies mertensiana,Abies mertensiana,1,1,False,FALSE,FALSE,FALSE,
Abies pattoniana,Abies pattoniana,1,1,False,FALSE,FALSE,FALSE,
Abutilon tiliifolium,Abutilon tiliifolium,1,1,False,FALSE,FALSE,FALSE,
Abutilon subpapyraceum,Abutilon subpapyraceum,1,1,False,FALSE,FALSE,FALSE,
Acer lobatum,Acer lobatum,1,1,False,FALSE,FALSE,FALSE,
Achyranthes styracifolia,Achyranthes styracifolia,1,1,False,FALSE,FALSE,FALSE,
Aconitum ovatum,Aconitum ovatum,1,1,False,FALSE,FALSE,FALSE,
Aconitum galectonum,Aconitum galectonum,1,1,False,FALSE,FALSE,FALSE,
Actinostemma japonicum,Actinostemma japonicum,1,1,False,FALSE,FALSE,FALSE,
Aglaia ferruginea,Aglaia ferruginea,1,1,False,FALSE,FALSE,FALSE,
Aglaia grata,Aglaia grata,1,1,False,FALSE,FALSE,FALSE,
Aglaia maingayi,Aglaia maingayi,1,1,False,FALSE,FALSE,FALSE,
Ajuga candolleana,Ajuga candolleana,1,1,False,FALSE,FALSE,FALSE,
Allium spurium,Allium spurium,1,1,False,FALSE,FALSE,FALSE,
Alsine marginata,Alsine marginata,1,1,False,FALSE,FALSE,FALSE,
Alsomitra muelleri,Alsomitra muelleri,1,1,False,FALSE,FALSE,FALSE,
Alsomitra trifoliolata,Alsomitra trifoliolata,1,1,False,FALSE,FALSE,FALSE,
Alyxia sharpei,Alyxia sharpei,1,1,False,FALSE,FALSE,FALSE,
Amaranthus bullatus,Amaranthus bullatus,1,1,False,FALSE,FALSE,FALSE,
Amaranthus mucronatus,Amaranthus mucronatus,1,1,False,FALSE,FALSE,FALSE,
Amaranthus cararu,Amaranthus cararu,1,1,False,FALSE,FALSE,FALSE,
Amoora nitidula,Amoora nitidula,1,1,False,FALSE,FALSE,FALSE,
Amoora grandifolia,Amoora grandifolia,1,1,False,FALSE,FALSE,FALSE,
Amoora gigantea,Amoora gigantea,1,1,False,FALSE,FALSE,FALSE,
Amorphophallus beccarii,Amorphophallus beccarii,1,1,False,FALSE,FALSE,FALSE,
Amorphophallus canaliculatus,Amorphophallus canaliculatus,1,1,False,FALSE,FALSE,FALSE,
Amorphophallus konkanensis,Amorphophallus konkanensis,1,1,False,FALSE,FALSE,FALSE,
Anagallis ruandensis,Anagallis ruandensis,1,1,False,FALSE,FALSE,FALSE,
Anaphrenium mucronatum,Anaphrenium mucronatum,1,1,False,FALSE,FALSE,FALSE,
Anchusa lycopsidis,Anchusa lycopsidis,1,1,False,FALSE,FALSE,FALSE,
Ancistrocladus vahlii,Ancistrocladus vahlii,1,1,False,FALSE,FALSE,FALSE,
Andromeda pyrifolia,Andromeda pyrifolia,1,1,False,FALSE,FALSE,FALSE,
Androsace multiflora,Androsace multiflora,1,1,False,FALSE,FALSE,FALSE,
Anemone lanigera,Anemone lanigera,1,1,False,FALSE,FALSE,FALSE,
Anguria schomburgkiana,Anguria schomburgkiana,1,1,False,FALSE,FALSE,FALSE,
Anoda strictiflora,Anoda strictiflora,1,1,False,FALSE,FALSE,FALSE,
Anthemis brachycentra,Anthemis brachycentros,1,1,False,TRUE,FALSE,FALSE,
Anthocercis microphylla,Anthocercis microphylla,1,1,False,FALSE,FALSE,FALSE,
Antiaris rufa,Antiaris rufa,1,1,False,FALSE,FALSE,FALSE,
Antirrhinum vulgare,Antirrhinum vulgare,1,1,False,FALSE,FALSE,FALSE,
Apium dulce,Apium dulce,1,1,False,FALSE,FALSE,FALSE,
Arbutus laurifolia,Arbutus laurifolia,1,1,False,FALSE,FALSE,FALSE,
Archontophoenix purpurea,Archontophoenix purpurea,1,1,False,FALSE,FALSE,FALSE,
Ardisiandra orientalis,Ardisiandra orientalis,1,1,False,FALSE,FALSE,FALSE,
Arenaria varia,Arenaria varia,1,1,False,FALSE,FALSE,FALSE,
Arenaria viscida,Arenaria viscida,1,1,False,FALSE,FALSE,FALSE,
Arenaria filiformis,Arenaria filiformis,1,1,False,FALSE,FALSE,FALSE,
Aretia hirtella,Aretia hirtella,1,1,False,FALSE,FALSE,FALSE,
Aretia argentea,Aretia argentea,1,1,False,FALSE,FALSE,FALSE,
Aristolochia angulisans,Aristolochia angulisans,1,1,False,FALSE,FALSE,FALSE,
Artanthe geniculata,Artanthe geniculata,1,1,False,FALSE,FALSE,FALSE,
Artanthe elongata,Artanthe elongata,1,1,False,FALSE,FALSE,FALSE,
Arthrocnemum africanum,Arthrocnemum africanum,1,1,False,FALSE,FALSE,FALSE,
Artocarpus echinatus,Artocarpus echinatus,1,1,False,FALSE,FALSE,FALSE,
Artocarpus pomiformis,Artocarpus pomiformis,1,1,False,FALSE,FALSE,FALSE,
Arytera oshanesiana,Arytera oshanesiana,1,1,False,FALSE,FALSE,FALSE,
Asarum hirsutisepalum,Asarum hirsutisepalum,1,1,False,FALSE,FALSE,FALSE,
Aspidosperma quebracho,Aspidosperma quebracho,1,1,False,FALSE,FALSE,FALSE,
Astronium juglandifolium,Astronium juglandifolium,1,1,False,FALSE,FALSE,FALSE,
Athyrium biondii,Athyrium biondii,1,1,False,FALSE,FALSE,FALSE,
Athyrium filix,Athyrium filix,1,1,False,FALSE,FALSE,FALSE,
Atriplex pharaonis,Atriplex pharaonis,1,1,False,FALSE,FALSE,FALSE,
Austroderia toetoe,Austroderia toetoe,1,1,False,FALSE,FALSE,FALSE,
Austroderia turbaria,Austroderia turbaria,1,1,False,FALSE,FALSE,FALSE,
Austroderia richardii,Austroderia richardii,1,1,False,FALSE,FALSE,FALSE,
Banksia dactyloides,Banksia dactyloides,1,1,False,FALSE,FALSE,FALSE,
Bassia cornishiana,Bassia cornishiana,1,1,False,FALSE,FALSE,FALSE,
Batrachium triphyllos,Batrachium triphyllos,1,1,False,FALSE,FALSE,FALSE,
Batrachium radians,Batrachium radians,1,1,False,FALSE,FALSE,FALSE,
Batrachium penicillatum,Batrachium penicillatum,1,1,False,FALSE,FALSE,FALSE,
Batrachium diversifolium,Batrachium diversifolium,1,1,False,FALSE,FALSE,FALSE,
Batrachium pseudofluitans,Batrachium pseudofluitans,1,1,False,FALSE,FALSE,FALSE,
Batrachium truncatum,Batrachium truncatum,1,1,False,FALSE,FALSE,FALSE,
Bauhinia richardiana,Bauhinia richardiana,1,1,False,FALSE,FALSE,FALSE,
Beilschmiedia austin-smithii,Beilschmiedia austin-smithii,1,1,False,FALSE,FALSE,FALSE,
Berrya quinquelocularis,Berrya quinquelocularis,1,1,False,FALSE,FALSE,FALSE,
Bignonia velutina,Bignonia velutina,1,1,False,FALSE,FALSE,FALSE,
Blaeria kilimandjarica,Blaeria kilimandjarica,1,1,False,FALSE,FALSE,FALSE,
Bleasdalea bleasdalei,Bleasdalea bleasdalei,1,1,False,FALSE,FALSE,FALSE,
Boehmeria caudigera,Boehmeria caudigera,1,1,False,FALSE,FALSE,FALSE,
Boehmeria macrostachya,Boehmeria macrostachya,1,1,False,FALSE,FALSE,FALSE,
Boehmeria candicans,Boehmeria candicans,1,1,False,FALSE,FALSE,FALSE,
Bombax album,Bombax album,1,1,False,FALSE,FALSE,FALSE,
Bombax angulatum,Bombax angulatum,1,1,False,FALSE,FALSE,FALSE,
Bopusia scabra,Bopusia scabra,1,1,False,FALSE,FALSE,FALSE,
Bothrocaryum alternifolium,Bothrocaryum alternifolium,1,1,False,FALSE,FALSE,FALSE,
Brassicaria bracteata,Brassicaria bracteata,1,1,False,FALSE,FALSE,FALSE,
Brunfelsia eximia,Brunfelsia eximia,1,1,False,FALSE,FALSE,FALSE,
Buxus variegata,Buxus variegata,1,1,False,FALSE,FALSE,FALSE,
Byrsonima reticulata,Byrsonima reticulata,1,1,False,FALSE,FALSE,FALSE,
Byttneria peruviana,Byttneria peruviana,1,1,False,FALSE,FALSE,FALSE,
Byttneria tereticaulis,Byttneria tereticaulis,1,1,False,FALSE,FALSE,FALSE,
Byttneria tiliifolia,Byttneria tiliifolia,1,1,False,FALSE,FALSE,FALSE,
Calandrinia grayi,Calandrinia grayi,1,1,False,FALSE,FALSE,FALSE,
Camellia longgangensis,Camellia longgangensis,1,1,False,FALSE,FALSE,FALSE,
Camellia impressinervis,Camellia impressinervis,1,1,False,FALSE,FALSE,FALSE,
Camptothecium paulianum,Camptothecium paulianum,1,1,False,FALSE,FALSE,FALSE,
Capparis subacuta,Capparis subacuta,1,1,False,FALSE,FALSE,FALSE,
Capsicum torulosum,Capsicum torulosum,1,1,False,FALSE,FALSE,FALSE,
Carallia sinensis,Carallia sinensis,1,1,False,FALSE,FALSE,FALSE,
Carallia floribunda,Carallia floribunda,1,1,False,FALSE,FALSE,FALSE,
Cardamine soehrensii,Cardamine soehrensii,1,1,False,FALSE,FALSE,FALSE,
Cardamine tetrandra,Cardamine tetrandra,1,1,False,FALSE,FALSE,FALSE,
Cardamine enneaphylla,Cardamine enneaphylla,1,1,False,FALSE,FALSE,FALSE,
Cardiospermum acuminatum,Cardiospermum acuminatum,1,1,False,FALSE,FALSE,FALSE,
Cargillia australis,Cargillia australis,1,1,False,FALSE,FALSE,FALSE,
Carica cundinamarcensis,Carica cundinamarcensis,1,1,False,FALSE,FALSE,FALSE,
Carica peltata,Carica peltata,1,1,False,FALSE,FALSE,FALSE,
Carissa scabra,Carissa scabra,1,1,False,FALSE,FALSE,FALSE,
Carissa praetermissa,Carissa praetermissa,1,1,False,FALSE,FALSE,FALSE,
Carissa densiflora,Carissa densiflora,1,1,False,FALSE,FALSE,FALSE,
Carum sioides,Carum sioides,1,1,False,FALSE,FALSE,FALSE,
Cassine transvaalensis,Cassine transvaalensis,1,1,False,FALSE,FALSE,FALSE,
Cassine schlechteri,Cassine schlechteri,1,1,False,FALSE,FALSE,FALSE,
Castilleja bradburii,Castilleja bradburii,1,1,False,FALSE,FALSE,FALSE,
Casuarina horrida,Casuarina horrida,1,1,False,FALSE,FALSE,FALSE,
Cattleya mooreana,Cattleya mooreana,1,1,False,FALSE,FALSE,FALSE,
Celastrus polyacanthus,Celastrus polyacanthus,1,1,False,FALSE,FALSE,FALSE,
Celtis multifolia,Celtis multifolia,1,1,False,FALSE,FALSE,FALSE,
Celtis willdenowiana,Celtis willdenowiana,1,1,False,FALSE,FALSE,FALSE,
Centrostemma micranthum,Centrosema micranthum,0.9833333333,1,False,FALSE,FALSE,FALSE,
Ceratophyllum muticum,Ceratophyllum muticum,1,1,False,FALSE,FALSE,FALSE,
Cercodia incana,Cercodia incana,1,1,False,FALSE,FALSE,FALSE,
Cereus griseus,Cereus griseus,1,1,False,FALSE,FALSE,FALSE,
Cerinthe strigosa,Cerinthe strigosa,1,1,False,FALSE,FALSE,FALSE,
Chamaecyparis plumosa,Chamaecyparis plumosa,1,1,False,FALSE,FALSE,FALSE,
Chamaenerion spicatum,Chamaenerion spicatum,1,1,False,FALSE,FALSE,FALSE,
Charia indeniensis,Charia indeniensis,1,1,False,FALSE,FALSE,FALSE,
Chavica siriboa,Chavica siriboa,1,1,False,FALSE,FALSE,FALSE,
Chavica betle,Chavica betle,1,1,False,FALSE,FALSE,FALSE,
Chavica roxburghii,Chavica roxburghii,1,1,False,FALSE,FALSE,FALSE,
Chiogenes serpyllifolia,Chiogenes serpyllifolia,1,1,False,FALSE,FALSE,FALSE,
Chionanthus macrophylla,Chionanthus macrophyllus,1,1,True,FALSE,FALSE,FALSE,
Chionanthus effusiflora,Chionanthus effusiflorus,1,1,True,FALSE,FALSE,FALSE,
Chionanthus cotinifolia,Chionanthus cotinifolius,1,1,True,FALSE,FALSE,FALSE,
Chionanthus fragrans,Chionanthus fragrans,1,1,False,FALSE,FALSE,FALSE,
Chironia littoralis,Chironia littoralis,1,1,False,FALSE,FALSE,FALSE,
Chisocheton eurycalyx,Chisocheton eurycalyx,1,1,False,FALSE,FALSE,FALSE,
Chlora sicula,Chlora sicula,1,1,False,FALSE,FALSE,FALSE,
Chondrodendron candicans,Chondrodendron candicans,1,1,False,FALSE,FALSE,FALSE,
Cieca glabrata,Cieca glabrata,1,1,False,FALSE,FALSE,FALSE,
Cissus lonicerifolius,Cissus lonicerifolia,1,1,True,FALSE,FALSE,FALSE,
Cistanche brunneri,Cistanche brunneri,1,1,False,FALSE,FALSE,FALSE,
Citrus sarcodactylus,Citrus sarcodactylus,1,1,False,FALSE,FALSE,FALSE,
Clausena longipes,Clausena longipes,1,1,False,FALSE,FALSE,FALSE,
Clausena timorensis,Clausena timorensis,1,1,False,FALSE,FALSE,FALSE,
Claytonia longiscapa,Claytonia longiscapa,1,1,False,FALSE,FALSE,FALSE,
Clematis taurica,Clematis taurica,1,1,False,FALSE,FALSE,FALSE,
Clematis massoniana,Clematis massoniana,1,1,False,FALSE,FALSE,FALSE,
Cleome psoraleifolia,Cleome psoraleifolia,1,1,False,FALSE,FALSE,FALSE,
Cleome microtatodonta,Cleome microtatodonta,1,1,False,FALSE,FALSE,FALSE,
Clethra cordata,Clethra cordata,1,1,False,FALSE,FALSE,FALSE,
Clusia hoffmannseggiana,Clusia hoffmannseggiana,1,1,False,FALSE,FALSE,FALSE,
Coccinia moimoi,Coccinia moimoi,1,1,False,FALSE,FALSE,FALSE,
Cocculus umbellatus,Cocculus umbellatus,1,1,False,FALSE,FALSE,FALSE,
Cocculus toxicoferus,Cocculus toxicoferus,1,1,False,FALSE,FALSE,FALSE,
Coelogyne tiomanensis,Coelogyne tiomanensis,1,1,False,FALSE,FALSE,FALSE,
Coelogyne chloroptera,Coelogyne chloroptera,1,1,False,FALSE,FALSE,FALSE,
Colletia tetragona,Colletia tetragona,1,1,False,FALSE,FALSE,FALSE,
Colletia kunthiana,Colletia kunthiana,1,1,False,FALSE,FALSE,FALSE,
Colletia obcordata,Colletia obcordata,1,1,False,FALSE,FALSE,FALSE,
Collomia micrantha,Collomia micrantha,1,1,False,FALSE,FALSE,FALSE,
Collomia cavanillesiana,Collomia cavanillesii,1,1,False,FALSE,FALSE,FALSE,
Colubrina fermenta,Colubrina fermenta,1,1,False,FALSE,FALSE,FALSE,
Comesperma tenue,Comesperma tenue,1,1,False,FALSE,FALSE,FALSE,
Comptonia aspleniifolia,Comptonia aspleniifolia,1,1,False,FALSE,FALSE,FALSE,
Convolvulus azureus,Convolvulus azureus,1,1,False,FALSE,FALSE,FALSE,
Correa ventricosa,Correa ventricosa,1,1,False,FALSE,FALSE,FALSE,
Cotoneaster cornifolius,Cotoneaster cornifolius,1,1,False,FALSE,FALSE,FALSE,
Cotylonychia chevalieri,Cotylonychia chevalieri,1,1,False,FALSE,FALSE,FALSE,
Crassula ramuliflora,Crassula ramuliflora,1,1,False,FALSE,FALSE,FALSE,
Crataegus chlorocarpa,Crataegus chlorocarpa,1,1,False,FALSE,FALSE,FALSE,
Crataegus germanica,Crataegus germanica,1,1,False,FALSE,FALSE,FALSE,
Crateva membranifolia,Crateva membranifolia,1,1,False,FALSE,FALSE,FALSE,
Cryptomeria lobbii,Cryptomeria lobbii,1,1,False,FALSE,FALSE,FALSE,
Cucifera thebaica,Cucifera thebaica,1,1,False,FALSE,FALSE,FALSE,
Cuscuta hygrophilae,Cuscuta hygrophilae,1,1,False,FALSE,FALSE,FALSE,
Cycnium questieauxianum,Cycnium questieauxianum,1,1,False,FALSE,FALSE,FALSE,
Cymbalaria spuria,Cymbalaria spuria,1,1,False,FALSE,FALSE,FALSE,
Cynophalla verrucosa,Cynophalla verrucosa,1,1,False,FALSE,FALSE,FALSE,
Cystopteris sikkimensis,Cystopteris sikkimensis,1,1,False,FALSE,FALSE,FALSE,
Damnacanthus macrophylla,Damnacanthus macrophyllus,1,1,True,FALSE,FALSE,FALSE,
Daphne sophia,Daphne sophia,1,1,False,FALSE,FALSE,FALSE,
Datura cornucopia,Datura cornucopia,1,1,False,FALSE,FALSE,FALSE,
Deilosma niveum,Deilosma niveum,1,1,False,FALSE,FALSE,FALSE,
Delphinium pauperculum,Delphinium pauperculum,1,1,False,FALSE,FALSE,FALSE,
Delphinium cerefolium,Delphinium cerefolium,1,1,False,FALSE,FALSE,FALSE,
Delphinium elegans,Delphinium elegans,1,1,False,FALSE,FALSE,FALSE,
Didymotheca thesioides,Didymotheca thesioides,1,1,False,FALSE,FALSE,FALSE,
Dinetus truncatus,Dinetus truncatus,1,1,False,FALSE,FALSE,FALSE,
Dioscorea vespertilio,Dioscorea vespertilio,1,1,False,FALSE,FALSE,FALSE,
Diospyros gavii,Diospyros gavii,1,1,False,FALSE,FALSE,FALSE,
Diospyros calycina,Diospyros calycina,1,1,False,FALSE,FALSE,FALSE,
Diospyros austrocaledonica,Diospyros austrocaledonica,1,1,False,FALSE,FALSE,FALSE,
Diospyros neocaledonica,Diospyros neocaledonica,1,1,False,FALSE,FALSE,FALSE,
Dipterocarpus cuneatus,Dipterocarpus cuneatus,1,1,False,FALSE,FALSE,FALSE,
Dipterocarpus perturbinatus,Dipterocarpus perturbinatus,1,1,False,FALSE,FALSE,FALSE,
Discospermum polyspermum,Discospermum polyspermum,1,1,False,FALSE,FALSE,FALSE,
Dodonaea aspleniifolia,Dodonaea aspleniifolia,1,1,False,FALSE,FALSE,FALSE,
Dodonaea dioica,Dodonaea dioica,1,1,False,FALSE,FALSE,FALSE,
Dombeya nodiflora,Dombeya nodiflora,1,1,False,FALSE,FALSE,FALSE,
Dorstenia intermedia,Dorstenia intermedia,1,1,False,FALSE,FALSE,FALSE,
Dorstenia homblei,Dorstenia homblei,1,1,False,FALSE,FALSE,FALSE,
Draba prozorovskii,Draba prozorovskii,1,1,False,FALSE,FALSE,FALSE,
Drosera tentaculata,Drosera tentaculata,1,1,False,FALSE,FALSE,FALSE,
Dryobalanops camphora,Dryobalanops camphora,1,1,False,FALSE,FALSE,FALSE,
Dryopteris triptera,Dryopteris triptera,1,1,False,FALSE,FALSE,FALSE,
Dysoxylum macrophyllum,Dysoxylum macrophyllum,1,1,False,FALSE,FALSE,FALSE,
Echinospermum casanense,Echinospermum casanense,1,1,False,FALSE,FALSE,FALSE,
Echites trichonemus,Echites trichonemus,1,1,False,FALSE,FALSE,FALSE,
Echium obtusifolium,Echium obtusifolium,1,1,False,FALSE,FALSE,FALSE,
Elaeodendron cunninghami,Elaeodendron cunninghamii,1,1,True,FALSE,FALSE,FALSE,
Elaeodendron pubescens,Elaeodendron pubescens,1,1,False,FALSE,FALSE,FALSE,
Elaeodendron reticulatum,Elaeodendron reticulatum,1,1,False,FALSE,FALSE,FALSE,
Elaeodendron athranthum,Elaeodendron athranthum,1,1,False,FALSE,FALSE,FALSE,
Elaeodendron kraussianum,Elaeodendron kraussianum,1,1,False,FALSE,FALSE,FALSE,
Elatine spathulata,Elatine spathulata,1,1,False,FALSE,FALSE,FALSE,
Embothrium wickhamii,Embothrium wickhamii,1,1,False,FALSE,FALSE,FALSE,
Enalus acoroides,Enhalus acoroides,0.9619047619,1,False,FALSE,FALSE,FALSE,
Endonema thunbergii,Endonema thunbergii,1,1,False,FALSE,FALSE,FALSE,
Engelhardtia pterocarpa,Engelhardtia pterocarpa,1,1,False,FALSE,FALSE,FALSE,
Eragrostis pulchella,Eragrostis pulchella,1,1,False,FALSE,FALSE,FALSE,
Erica peduncularis,Erica peduncularis,1,1,False,FALSE,FALSE,FALSE,
Erica oblonga,Erica oblonga,1,1,False,FALSE,FALSE,FALSE,
Erica polytrichifolia,Erica polytrichifolia,1,1,False,FALSE,FALSE,FALSE,
Eriocapitella japonica,Eriocapitella japonica,1,1,False,FALSE,FALSE,FALSE,
Eriodendron caribaeum,Eriodendron caribaeum,1,1,False,FALSE,FALSE,FALSE,
Erodium filicinum,Erodium filicinum,1,1,False,FALSE,FALSE,FALSE,
Eroteum calophyllum,Eroteum calophyllum,1,1,False,FALSE,FALSE,FALSE,
Erucastrum erucoides,Erucastrum erucoides,1,1,False,FALSE,FALSE,FALSE,
Ervatamia macrocarpa,Ervatamia macrocarpa,1,1,False,FALSE,FALSE,FALSE,
Ervatamia plumeriifolia,Ervatamia plumeriifolia,1,1,False,FALSE,FALSE,FALSE,
Eryngium zanonii,Eryngium zanonii,1,1,False,FALSE,FALSE,FALSE,
Eucalyptus mahoganii,Eucalyptus mahoganii,1,1,False,FALSE,FALSE,FALSE,
Eucalyptus yangoura,Eucalyptus yangoura,1,1,False,FALSE,FALSE,FALSE,
Eucalyptus orientalis,Eucalyptus orientalis,1,1,False,FALSE,FALSE,FALSE,
Eucalyptus piperata,Eucalyptus piperata,1,1,False,FALSE,FALSE,FALSE,
Eucharidium concinnum,Eucharidium concinnum,1,1,False,FALSE,FALSE,FALSE,
Euonymus wensiensis,Euonymus wensiensis,1,1,False,FALSE,FALSE,FALSE,
Euphorbia versicolores,Euphorbia versicolor,1,1,False,TRUE,FALSE,FALSE,
Euphoria didyma,Euphoria didyma,1,1,False,FALSE,FALSE,FALSE,
Feronia lucida,Feronia lucida,1,1,False,FALSE,FALSE,FALSE,
Ficaria vulgaris,Ficaria vulgaris,1,1,False,FALSE,FALSE,FALSE,
Ficus ovoidea,Ficus ovoidea,1,1,False,FALSE,FALSE,FALSE,
Ficus serrata,Ficus serrata,1,1,False,FALSE,FALSE,FALSE,
Ficus baileyana,Ficus baileyana,1,1,False,FALSE,FALSE,FALSE,
Ficus thynneana,Ficus thynneana,1,1,False,FALSE,FALSE,FALSE,
Ficus neurocarpa,Ficus neurocarpa,1,1,False,FALSE,FALSE,FALSE,
Ficus villipes,Ficus villipes,1,1,False,FALSE,FALSE,FALSE,
Ficus pseudoradula,Ficus pseudoradula,1,1,False,FALSE,FALSE,FALSE,
Ficus guineensis,Ficus guineensis,1,1,False,FALSE,FALSE,FALSE,
Ficus lambertiana,Ficus lambertiana,1,1,False,FALSE,FALSE,FALSE,
Ficus caudata,Ficus caudata,1,1,False,FALSE,FALSE,FALSE,
Ficus tenuicuspidata,Ficus tenuicuspidata,1,1,False,FALSE,FALSE,FALSE,
Ficus leptorhyncha,Ficus leptorhyncha,1,1,False,FALSE,FALSE,FALSE,
Ficus regia,Ficus regia,1,1,False,FALSE,FALSE,FALSE,
Ficus muntia,Ficus muntia,1,1,False,FALSE,FALSE,FALSE,
Ficus daphniphylla,Ficus daphniphylla,1,1,False,FALSE,FALSE,FALSE,
Ficus syringifolia,Ficus syringifolia,1,1,False,FALSE,FALSE,FALSE,
Flindersia maculata,Flindersia maculata,1,1,False,FALSE,FALSE,FALSE,
Forsythia sieboldii,Forsythia sieboldii,1,1,False,FALSE,FALSE,FALSE,
Frankenia berteroana,Frankenia berteroana,1,1,False,FALSE,FALSE,FALSE,
Fraxinus eedenii,Fraxinus eedenii,1,1,False,FALSE,FALSE,FALSE,
Fraxinus verrucosa,Fraxinus verrucosa,1,1,False,FALSE,FALSE,FALSE,
Fraxinus atrovirens,Fraxinus atrovirens,1,1,False,FALSE,FALSE,FALSE,
Fusanus compressus,Fusanus compressus,1,1,False,FALSE,FALSE,FALSE,
Gaultheria pilosa,Gaultheria pilosa,1,1,False,FALSE,FALSE,FALSE,
Gentiana minima,Gentiana minima,1,1,False,FALSE,FALSE,FALSE,
Gentiana firma,Gentiana firma,1,1,False,FALSE,FALSE,FALSE,
Geunsia acuminatissima,Geunsia acuminatissima,1,1,False,FALSE,FALSE,FALSE,
Gossypium javanicum,Gossypium javanicum,1,1,False,FALSE,FALSE,FALSE,
Grewia nervosa,Grewia nervosa,1,1,False,FALSE,FALSE,FALSE,
Griffithia eucantha,Griffithia eucantha,1,1,False,FALSE,FALSE,FALSE,
Guapira rotundata,Guapira rotundata,1,1,False,FALSE,FALSE,FALSE,
Guarea rusbyi,Guarea rusbyi,1,1,False,FALSE,FALSE,FALSE,
Guatteria prinoides,Guatteria prinoides,1,1,False,FALSE,FALSE,FALSE,
Gymnosporia goetzeana,Gymnosporia goetzeana,1,1,False,FALSE,FALSE,FALSE,
Gymnosporia fournieri,Gymnosporia fournieri,1,1,False,FALSE,FALSE,FALSE,
Gypsophila arenicola,Gypsophila arenicola,1,1,False,FALSE,FALSE,FALSE,
Haloragis aenea,Haloragis aenea,1,1,False,FALSE,FALSE,FALSE,
Hammada hispanica,Hammada hispanica,1,1,False,FALSE,FALSE,FALSE,
Hartiana tenella,Hartiana tenella,1,1,False,FALSE,FALSE,FALSE,
Hebecoccus ferrugineus,Hebecoccus ferrugineus,1,1,False,FALSE,FALSE,FALSE,
Hemizonia macrocephala,Hemizonia macrocephala,1,1,False,FALSE,FALSE,FALSE,
Hesperocyparis benthamii,Hesperocyparis benthamii,1,1,False,FALSE,FALSE,FALSE,
Hesperocyparis glabra,Hesperocyparis glabra,1,1,False,FALSE,FALSE,FALSE,
Heteropteris platyptera,Heteropterys platyptera,1,1,False,FALSE,FALSE,FALSE,
Hewittia bicolor,Hewittia bicolor,1,1,False,FALSE,FALSE,FALSE,
Hibiscus verrucosus,Hibiscus verrucosus,1,1,False,FALSE,FALSE,FALSE,
Hibiscus richardsonii,Hibiscus richardsonii,1,1,False,FALSE,FALSE,FALSE,
Hippocratea hilariana,Hippocratea hilariana,1,1,False,FALSE,FALSE,FALSE,
Hocquartia manshuriensis,Hocquartia manshuriensis,1,1,False,FALSE,FALSE,FALSE,
Holboellia cuneata,Holboellia cuneata,1,1,False,FALSE,FALSE,FALSE,
Hoslundia verticillata,Hoslundia verticillata,1,1,False,FALSE,FALSE,FALSE,
Hoteia japonica,Hoteia japonica,1,1,False,FALSE,FALSE,FALSE,
Humea ozothamnoides,Humea ozothamnoides,1,1,False,FALSE,FALSE,FALSE,
Hydrangea lehmannii,Hydrangea lehmannii,1,1,False,FALSE,FALSE,FALSE,
Hyoscyamus minor,Hyoscyamus minor,1,1,False,FALSE,FALSE,FALSE,
Hypericum venosum,Hypericum venosum,1,1,False,FALSE,FALSE,FALSE,
Ilex dahoon,Ilex dahoon,1,1,False,FALSE,FALSE,FALSE,
Ilex othera,Ilex othera,1,1,False,FALSE,FALSE,FALSE,
Isanthus coeruleus,Isanthus coeruleus,1,1,False,FALSE,FALSE,FALSE,
Iseilema membranacea,Iseilema membranaceum,1,1,True,FALSE,FALSE,FALSE,
Isnardia microcarpa,Isnardia microcarpa,1,1,False,FALSE,FALSE,FALSE,
Ixora valetoniana,Ixora valetoniana,1,1,False,FALSE,FALSE,FALSE,
Jaracatia corumbensis,Jacaratia corumbensis,0.9703703704,1,False,FALSE,FALSE,FALSE,
Jateorhiza strigosa,Jateorhiza strigosa,1,1,False,FALSE,FALSE,FALSE,
Juncella submersa,Juncella submersa,1,1,False,FALSE,FALSE,FALSE,
Juncoides subcongestum,Juncoides subcongesta,1,1,True,FALSE,FALSE,FALSE,
Juncus angustifolius,Juncus angustifolius,1,1,False,FALSE,FALSE,FALSE,
Juncus strictus,Juncus strictus,1,1,False,FALSE,FALSE,FALSE,
Juncus plebeius,Juncus plebeius,1,1,False,FALSE,FALSE,FALSE,
Juncus prolifer,Juncus prolifer,1,1,False,FALSE,FALSE,FALSE,
Juncus trichodes,Juncus trichodes,1,1,False,FALSE,FALSE,FALSE,
Juncus divaricatus,Juncus divaricatus,1,1,False,FALSE,FALSE,FALSE,
Juniperus hibernica,Juniperus hibernica,1,1,False,FALSE,FALSE,FALSE,
Kalaharia spinescens,Kalaharia spinescens,1,1,False,FALSE,FALSE,FALSE,
Klainedoxa lanceifolia,Klainedoxa lanceifolia,1,1,False,FALSE,FALSE,FALSE,
Kohlrauschia saxifraga,Kohlrauschia saxifraga,1,1,False,FALSE,FALSE,FALSE,
Lachnostachys walcottii,Lachnostachys walcottii,1,1,False,FALSE,FALSE,FALSE,
Lachnostachys rodwayana,Lachnostachys rodwayana,1,1,False,FALSE,FALSE,FALSE,
Lagenaria idolatrica,Lagenaria idolatrica,1,1,False,FALSE,FALSE,FALSE,
Lasjia claudiensis,Lasjia claudiensis,1,1,False,FALSE,FALSE,FALSE,
Lasjia hildebrandii,Lasjia hildebrandii,1,1,False,FALSE,FALSE,FALSE,
Laurus barbujana,Laurus barbujana,1,1,False,FALSE,FALSE,FALSE,
Leiospermum racemosum,Leiospermum racemosum,1,1,False,FALSE,FALSE,FALSE,
Leptalix expansa,Leptalix expansa,1,1,False,FALSE,FALSE,FALSE,
Leucospermum album,Leucospermum album,1,1,False,FALSE,FALSE,FALSE,
Leucothoe salicifolia,Leucothoe salicifolia,1,1,False,FALSE,FALSE,FALSE,
Ligustrum chenaultii,Ligustrum chenaultii,1,1,False,FALSE,FALSE,FALSE,
Ligustrum simonii,Ligustrum simonii,1,1,False,FALSE,FALSE,FALSE,
Liparis terrestris,Liparis terrestris,1,1,False,FALSE,FALSE,FALSE,
Lippia caffra,Lippia caffra,1,1,False,FALSE,FALSE,FALSE,
Lithospermum euchromon,Lithospermum euchromon,1,1,False,FALSE,FALSE,FALSE,
Lobelia micrantha,Lobelia micrantha,1,1,False,FALSE,FALSE,FALSE,
Lobelia parvifolia,Lobelia parvifolia,1,1,False,FALSE,FALSE,FALSE,
Loranthus namaquensis,Loranthus namaquensis,1,1,False,FALSE,FALSE,FALSE,
Maba ebenus,Maba ebenus,1,1,False,FALSE,FALSE,FALSE,
Maba papuana,Maba papuana,1,1,False,FALSE,FALSE,FALSE,
Maclura regia,Maclura regia,1,1,False,FALSE,FALSE,FALSE,
Macroscepis trianae,Macroscepis trianae,1,1,False,FALSE,FALSE,FALSE,
Mahernia erodioides,Mahernia erodioides,1,1,False,FALSE,FALSE,FALSE,
Maihuenia brachydelphys,Maihuenia brachydelphys,1,1,False,FALSE,FALSE,FALSE,
Malaxis mambulilingensis,Malaxis mambulilingensis,1,1,False,FALSE,FALSE,FALSE,
Malleola baliensis,Malleola baliensis,1,1,False,FALSE,FALSE,FALSE,
Malva punctata,Malva punctata,1,1,False,FALSE,FALSE,FALSE,
Malva setigera,Malva setigera,1,1,False,FALSE,FALSE,FALSE,
Malva subovata,Malva subovata,1,1,False,FALSE,FALSE,FALSE,
Marlea platanifolia,Marlea platanifolia,1,1,False,FALSE,FALSE,FALSE,
Marlea vitiensis,Marlea vitiensis,1,1,False,FALSE,FALSE,FALSE,
Marsilea microphylla,Marsilea microphylla,1,1,False,FALSE,FALSE,FALSE,
Matthiola elliptica,Matthiola elliptica,1,1,False,FALSE,FALSE,FALSE,
Maytenus sebertiana,Maytenus sebertiana,1,1,False,FALSE,FALSE,FALSE,
Maytenus pancheriana,Maytenus pancheriana,1,1,False,FALSE,FALSE,FALSE,
Maytenus hybanthifolia,Maytenus hybanthifolia,1,1,False,FALSE,FALSE,FALSE,
Meisneria paludosa,Meisneria paludosa,1,1,False,FALSE,FALSE,FALSE,
Melastoma arborescens,Melastoma arborescens,1,1,False,FALSE,FALSE,FALSE,
Melia sambucina,Melia sambucina,1,1,False,FALSE,FALSE,FALSE,
Melia parviflora,Melia parviflora,1,1,False,FALSE,FALSE,FALSE,
Melodinus tonkinensis,Melodinus tonkinensis,1,1,False,FALSE,FALSE,FALSE,
Mentha pumila,Mentha pumila,1,1,False,FALSE,FALSE,FALSE,
Merremia pentaphylla,Merremia pentaphylla,1,1,False,FALSE,FALSE,FALSE,
Micropterum sessiliflorum,Micropterum sessiliflorum,1,1,False,FALSE,FALSE,FALSE,
Minuartia diomedis,Minuartia diomedis,1,1,False,FALSE,FALSE,FALSE,
Mitrastemon cochinchinensis,Mitrastemon cochinchinensis,1,1,False,FALSE,FALSE,FALSE,
Mohrodendron carolinum,Mohrodendron carolinum,1,1,False,FALSE,FALSE,FALSE,
Mollugo serrulata,Mollugo serrulata,1,1,False,FALSE,FALSE,FALSE,
Momordica umbellata,Momordica umbellata,1,1,False,FALSE,FALSE,FALSE,
Mouriria sagotiana,Mouriri sagotiana,0.9875,1,False,FALSE,FALSE,FALSE,
Neoalsomitra stephensiana,Neoalsomitra stephensiana,1,1,False,FALSE,FALSE,FALSE,
Nepenthes muluensis,Nepenthes muluensis,1,1,False,FALSE,FALSE,FALSE,
Nepenthes tomoriana,Nepenthes tomoriana,1,1,False,FALSE,FALSE,FALSE,
Nepenthes pilosa,Nepenthes pilosa,1,1,False,FALSE,FALSE,FALSE,
Nepenthes longifolia,Nepenthes longifolia,1,1,False,FALSE,FALSE,FALSE,
Nepeta minor,Nepeta minor,1,1,False,FALSE,FALSE,FALSE,
Nephelium chinense,Nephelium chinense,1,1,False,FALSE,FALSE,FALSE,
Nephelium glabrum,Nephelium glabrum,1,1,False,FALSE,FALSE,FALSE,
Neurophyllodes arborea,Neurophyllodes arborea,1,1,False,FALSE,FALSE,FALSE,
Neurophyllodes multiflora,Neurophyllodes multiflora,1,1,False,FALSE,FALSE,FALSE,
Nolana lanceolata,Nolana lanceolata,1,1,False,FALSE,FALSE,FALSE,
Nototrichum humile,Nototrichium humile,0.9972222222,1,False,FALSE,FALSE,FALSE,
Oberna lacera,Oberna lacera,1,1,False,FALSE,FALSE,FALSE,
Obione cristata,Obione cristata,1,1,False,FALSE,FALSE,FALSE,
Ocimum caryophyllinum,Ocimum caryophyllinum,1,1,False,FALSE,FALSE,FALSE,
Ocimum dalabaense,Ocimum dalabaense,1,1,False,FALSE,FALSE,FALSE,
Olea latifolia,Olea latifolia,1,1,False,FALSE,FALSE,FALSE,
Olea ilicifolia,Olea ilicifolia,1,1,False,FALSE,FALSE,FALSE,
Ophiocaulon gummifer,Ophiocaulon gummifer,1,1,False,FALSE,FALSE,FALSE,
Osmanthus sinensis,Osmanthus sinensis,1,1,False,FALSE,FALSE,FALSE,
Ostryocarpus welwitschii,Ostryocarpus welwitschii,1,1,False,FALSE,FALSE,FALSE,
Pachira marginata,Pachira marginata,1,1,False,FALSE,FALSE,FALSE,
Parakeelya pytchosperma,Parakeelya pytchosperma,1,1,False,FALSE,FALSE,FALSE,
Peperomia pseudodindygulensis,Peperomia pseudodindygulensis,1,1,False,FALSE,FALSE,FALSE,
Peperomia laticaulis,Peperomia laticaulis,1,1,False,FALSE,FALSE,FALSE,
Peponium kilimandscharicum,Peponium kilimandscharicum,1,1,False,FALSE,FALSE,FALSE,
Peponium usambarense,Peponium usambarense,1,1,False,FALSE,FALSE,FALSE,
Persicaria hartwrightii,Persicaria hartwrightii,1,1,False,FALSE,FALSE,FALSE,
Petrosedum sediforme,Petrosedum sediforme,1,1,False,FALSE,FALSE,FALSE,
Peumus fragrans,Peumus fragrans,1,1,False,FALSE,FALSE,FALSE,
Pharnaceum scleranthoides,Pharnaceum scleranthoides,1,1,False,FALSE,FALSE,FALSE,
Phillyrea variabilis,Phillyrea variabilis,1,1,False,FALSE,FALSE,FALSE,
Phillyrea buxifolia,Phillyrea buxifolia,1,1,False,FALSE,FALSE,FALSE,
Physianthus albens,Physianthus albens,1,1,False,FALSE,FALSE,FALSE,
Pilogyne bodinieri,Pilogyne bodinieri,1,1,False,FALSE,FALSE,FALSE,
Pinus aracanensis,Pinus aracanensis,1,1,False,FALSE,FALSE,FALSE,
Piper tiliifolium,Piper tiliifolium,1,1,False,FALSE,FALSE,FALSE,
Pircunia esculenta,Pircunia esculenta,1,1,False,FALSE,FALSE,FALSE,
Plagiopteron suaveolens,Plagiopteron suaveolens,1,1,False,FALSE,FALSE,FALSE,
Plectronia dicocca,Plectronia dicocca,1,1,False,FALSE,FALSE,FALSE,
Plectronia hookeriana,Plectronia hookeriana,1,1,False,FALSE,FALSE,FALSE,
Plectronia zanzibarica,Plectronia zanzibarica,1,1,False,FALSE,FALSE,FALSE,
Polypodium eleagnifolium,Polypodium eleagnifolium,1,1,False,FALSE,FALSE,FALSE,
Potamogeton wolfgangii,Potamogeton wolfgangii,1,1,False,FALSE,FALSE,FALSE,
Potamogeton affinis,Potamogeton affinis,1,1,False,FALSE,FALSE,FALSE,
Potentilla polymorpha,Potentilla polymorpha,1,1,False,FALSE,FALSE,FALSE,
Prostanthera latifolia,Prostanthera latifolia,1,1,False,FALSE,FALSE,FALSE,
Protium titubans,Protium titubans,1,1,False,FALSE,FALSE,FALSE,
Psephellus gilanicus,Psephellus gilanicus,1,1,False,FALSE,FALSE,FALSE,
Pseudocassine transvaalensis,Pseudocassine transvaalensis,1,1,False,FALSE,FALSE,FALSE,
Pseuduvaria brachyantha,Pseuduvaria brachyantha,1,1,False,FALSE,FALSE,FALSE,
Psychotria pallida,Psychotria pallida,1,1,False,FALSE,FALSE,FALSE,
Pterostyrax cavaleriei,Pterostyrax cavaleriei,1,1,False,FALSE,FALSE,FALSE,
Pulmonaria media,Pulmonaria media,1,1,False,FALSE,FALSE,FALSE,
Pycnarrhena calocarpa,Pycnarrhena calocarpa,1,1,False,FALSE,FALSE,FALSE,
Rabdosia javanica,Rabdosia javanica,1,1,False,FALSE,FALSE,FALSE,
Rauvolfia madurensis,Rauvolfia madurensis,1,1,False,FALSE,FALSE,FALSE,
Reevesia orbicularifolia,Reevesia orbicularifolia,1,1,False,FALSE,FALSE,FALSE,
Rhamnus splendens,Rhamnus splendens,1,1,False,FALSE,FALSE,FALSE,
Rhizophora candel,Rhizophora candel,1,1,False,FALSE,FALSE,FALSE,
Rhus cotina,Rhus cotina,1,1,False,FALSE,FALSE,FALSE,
Ribes scandicum,Ribes scandicum,1,1,False,FALSE,FALSE,FALSE,
Ribes tricuspe,Ribes tricuspe,1,1,False,FALSE,FALSE,FALSE,
Ricinocarpodendron polystachyum,Ricinocarpodendron polystachyum,1,1,False,FALSE,FALSE,FALSE,
Rivina paniculata,Rivina paniculata,1,1,False,FALSE,FALSE,FALSE,
Rivina paraguayensis,Rivina paraguayensis,1,1,False,FALSE,FALSE,FALSE,
Rochea versicolor,Rochea versicolor,1,1,False,FALSE,FALSE,FALSE,
Rosa triphylla,Rosa triphylla,1,1,False,FALSE,FALSE,FALSE,
Rosa cathayensis,Rosa cathayensis,1,1,False,FALSE,FALSE,FALSE,
Rubus polymorphus,Rubus polymorphus,1,1,False,FALSE,FALSE,FALSE,
Ruprechtia excelsa,Ruprechtia excelsa,1,1,False,FALSE,FALSE,FALSE,
Sabaudiella aloysii,Sabaudiella aloysii,1,1,False,FALSE,FALSE,FALSE,
Sabulina tenella,Sabulina tenella,1,1,False,FALSE,FALSE,FALSE,
Sabulina verna,Sabulina verna,1,1,False,FALSE,FALSE,FALSE,
Saccharum soltwedeli,Saccharum soltwedelii,1,1,True,FALSE,FALSE,FALSE,
Salacia simtata,Salacia simtata,1,1,False,FALSE,FALSE,FALSE,
Salacia calypso,Salacia calypso,1,1,False,FALSE,FALSE,FALSE,
Salix glaucoides,Salix glaucoides,1,1,False,FALSE,FALSE,FALSE,
Salix pratensis,Salix pratensis,1,1,False,FALSE,FALSE,FALSE,
Salix tauschiana,Salix tauschiana,1,1,False,FALSE,FALSE,FALSE,
Salix marrubiifolia,Salix marrubiifolia,1,1,False,FALSE,FALSE,FALSE,
Samadera bidwillii,Samadera bidwillii,1,1,False,FALSE,FALSE,FALSE,
Samadera baileyana,Samadera baileyana,1,1,False,FALSE,FALSE,FALSE,
Saponaria hispanica,Saponaria hispanica,1,1,False,FALSE,FALSE,FALSE,
Sassafras mauritianum,Sassafras mauritianum,1,1,False,FALSE,FALSE,FALSE,
Scaevola stricta,Scaevola stricta,1,1,False,FALSE,FALSE,FALSE,
Schizanthus humilis,Schizanthus humilis,1,1,False,FALSE,FALSE,FALSE,
Schmaltzia lanceolata,Schmaltzia lanceolata,1,1,False,FALSE,FALSE,FALSE,
Schoberia macrocarpa,Schoberia macrocarpa,1,1,False,FALSE,FALSE,FALSE,
Sclerostylis macrophylla,Sclerostylis macrophylla,1,1,False,FALSE,FALSE,FALSE,
Scytanthus americanus,Scytanthus americanus,1,1,False,FALSE,FALSE,FALSE,
Sebifera glutinosa,Sebifera glutinosa,1,1,False,FALSE,FALSE,FALSE,
Sedum maritimum,Sedum maritimum,1,1,False,FALSE,FALSE,FALSE,
Semonvillea pterocarpa,Semonvillea pterocarpa,1,1,False,FALSE,FALSE,FALSE,
Sempervivum dichotomum,Sempervivum dichotomum,1,1,False,FALSE,FALSE,FALSE,
Sempervivum youngianum,Sempervivum youngianum,1,1,False,FALSE,FALSE,FALSE,
Sempervivum laxum,Sempervivum laxum,1,1,False,FALSE,FALSE,FALSE,
Sesuvium quadrifidum,Sesuvium quadrifidum,1,1,False,FALSE,FALSE,FALSE,
Spergula micrantha,Spergula micrantha,1,1,False,FALSE,FALSE,FALSE,
Spergularia tenuis,Spergularia tenuis,1,1,False,FALSE,FALSE,FALSE,
Stachyurus brachystachyus,Stachyurus brachystachyus,1,1,False,FALSE,FALSE,FALSE,
Steganthus welwitschii,Steganthus welwitschii,1,1,False,FALSE,FALSE,FALSE,
Stellaria gracilis,Stellaria gracilis,1,1,False,FALSE,FALSE,FALSE,
Stemonurus javanicus,Stemonurus javanicus,1,1,False,FALSE,FALSE,FALSE,
Stemonurus pauciflorus,Stemonurus pauciflorus,1,1,False,FALSE,FALSE,FALSE,
Stevia odorata,Stevia odorata,1,1,False,FALSE,FALSE,FALSE,
Strophanthus longicaudatus,Strophanthus longicaudatus,1,1,False,FALSE,FALSE,FALSE,
Stuckenia subretusa,Stuckenia subretusa,1,1,False,FALSE,FALSE,FALSE,
Stylophorum lactucoides,Stylophorum lactucoides,1,1,False,FALSE,FALSE,FALSE,
Styphelia parviflora,Styphelia parviflora,1,1,False,FALSE,FALSE,FALSE,
Succisa corniculata,Succisa corniculata,1,1,False,FALSE,FALSE,FALSE,
Succisa arvensis,Succisa arvensis,1,1,False,FALSE,FALSE,FALSE,
Succisa columbaria,Succisa columbaria,1,1,False,FALSE,FALSE,FALSE,
Suttonia nummularia,Suttonia nummularia,1,1,False,FALSE,FALSE,FALSE,
Swida pumila,Swida pumila,1,1,False,FALSE,FALSE,FALSE,
Swida koehneana,Swida koehneana,1,1,False,FALSE,FALSE,FALSE,
Symplocos javanica,Symplocos javanica,1,1,False,FALSE,FALSE,FALSE,
Symplocos ascidiformis,Symplocos ascidiformis,1,1,False,FALSE,FALSE,FALSE,
Syringa lilac,Syringa lilac,1,1,False,FALSE,FALSE,FALSE,
Tabernaemontana aubletii,Tabernaemontana aubletii,1,1,False,FALSE,FALSE,FALSE,
Talinum roseum,Talinum roseum,1,1,False,FALSE,FALSE,FALSE,
Tarasa nototrichoides,Tarasa nototrichoides,1,1,False,FALSE,FALSE,FALSE,
Tecoma conspicua,Tecoma conspicua,1,1,False,FALSE,FALSE,FALSE,
Tecoma flavescens,Tecoma flavescens,1,1,False,FALSE,FALSE,FALSE,
Teijsmanniodendron kostermansi,Teijsmanniodendron kostermansii,1,1,True,FALSE,FALSE,FALSE,
Tetrapteris mogoriifolia,Tetrapterys mogoriifolia,0.9939393939,1,False,FALSE,FALSE,FALSE,
Thalictrum vitifolium,Thalictrum vitifolium,1,1,False,FALSE,FALSE,FALSE,
Thymelaea gnidium,Thymelaea gnidium,1,1,False,FALSE,FALSE,FALSE,
Thymus concinnus,Thymus concinnus,1,1,False,FALSE,FALSE,FALSE,
Thymus reflexus,Thymus reflexus,1,1,False,FALSE,FALSE,FALSE,
Tinospora tomentosa,Tinospora tomentosa,1,1,False,FALSE,FALSE,FALSE,
Trevoa frutilla,Trevoa frutilla,1,1,False,FALSE,FALSE,FALSE,
Trianthema hydaspica,Trianthema hydaspica,1,1,False,FALSE,FALSE,FALSE,
Trichilia guara,Trichilia guara,1,1,False,FALSE,FALSE,FALSE,
Trichomanes plicatum,Trichomanes plicatum,1,1,False,FALSE,FALSE,FALSE,
Ulmus turkestanica,Ulmus turkestanica,1,1,False,FALSE,FALSE,FALSE,
Utricularia grafiana,Utricularia grafiana,1,1,False,FALSE,FALSE,FALSE,
Vallaris gitingensis,Vallaris gitingensis,1,1,False,FALSE,FALSE,FALSE,
Verbena longiflora,Verbena longiflora,1,1,False,FALSE,FALSE,FALSE,
Veronica pauciramosa,Veronica pauciramosa,1,1,False,FALSE,FALSE,FALSE,
Veronica raoulii,Veronica raoulii,1,1,False,FALSE,FALSE,FALSE,
Veronica linifolia,Veronica linifolia,1,1,False,FALSE,FALSE,FALSE,
Veronica decora,Veronica decora,1,1,False,FALSE,FALSE,FALSE,
Veronica spathulata,Veronica spathulata,1,1,False,FALSE,FALSE,FALSE,
Viburnum pinnina,Viburnum pinnina,1,1,False,FALSE,FALSE,FALSE,
Viola miranda,Viola miranda,1,1,False,FALSE,FALSE,FALSE,
Vitex velutina,Vitex velutina,1,1,False,FALSE,FALSE,FALSE,
Vitis modesta,Vitis modesta,1,1,False,FALSE,FALSE,FALSE,
Vitis glauca,Vitis glauca,1,1,False,FALSE,FALSE,FALSE,
Vitis triternata,Vitis triternata,1,1,False,FALSE,FALSE,FALSE,
Vitis tricuspidata,Vitis tricuspidata,1,1,False,FALSE,FALSE,FALSE,
Vitis cyphopetala,Vitis cyphopetala,1,1,False,FALSE,FALSE,FALSE,
Vitis vitacea,Vitis vitacea,1,1,False,FALSE,FALSE,FALSE,
Vitis producta,Vitis producta,1,1,False,FALSE,FALSE,FALSE,
Vitis aconitifolia,Vitis aconitifolia,1,1,False,FALSE,FALSE,FALSE,
Vitis aralioides,Vitis aralioides,1,1,False,FALSE,FALSE,FALSE,
Volkameria heterophylla,Volkameria heterophylla,1,1,False,FALSE,FALSE,FALSE,
Wallenia angustifolia,Wallenia angustifolia,1,1,False,FALSE,FALSE,FALSE,
Wedelia glabra,Wedelia glabra,1,1,False,FALSE,FALSE,FALSE,
Xylosma parvifolia,Xylosma parvifolia,1,1,False,FALSE,FALSE,FALSE,
Ziziphus ornata,Ziziphus ornata,1,1,False,FALSE,FALSE,FALSE,
Ziziphus nitida,Ziziphus nitida,1,1,False,FALSE,FALSE,FALSE,
